age,salary,name
27,54000,Emily Brown
46,88000,David Wilson
25,42000,Sarah Davis
41,69000,Matthew Anderson
36,75000,Olivia Taylor
53,96000,Christopher Thomas
29,50000,Emma Lee
39,68000,Andrew Martinez
56,87000,Ava Hall
48,82000,William Clark
32,57000,Sophia Rodriguez
41,70000,James Martinez
29,52000,Isabella Thompson
37,78000,Joseph Hernandez
43,71000,Mia Lewis
51,91000,Daniel Walker
28,48000,Charlotte Martinez
43,72000,Logan Lewis
59,98000,Samantha Moore
33,56000,Benjamin Perez
34,73000,Avery Adams
41,68000,Evelyn Wright
57,96000,Ethan Ramirez
26,49000,Aria Phillips
45,82000,Carter Hernandez
33,55000,Sofia Scott
46,83000,Michael Ross
22,40000,Grace Torres
35,67000,Aiden Jackson
40,75000,Harper Howard
52,91000,Liam Evans
35,54000,Zoey Allen
48,82000,Lucas Gonzales
24,44000,Lily Reed
34,65000,Mason Powell
30,57000,Nora Cox
49,80000,Elijah Hughes
29,49000,Aubrey Diaz
47,79000,Grayson Bell
29,54000,Ellie Russell
33,64000,Gabriel Foster
39,73000,Sophie Butler
47,84000,Adrian Patterson
27,49000,Hannah Coleman
41,70000,Jack Turner
38,67000,Victoria Bennett
56,92000,Austin Nelson
29,51000,Lily Simmons
45,84000,Dylan Griffin
26,44000,Leah Bailey
40,76000,John Perry